﻿<?xml version="1.0" encoding="utf-8" ?>
<Defs>

  <JobDef>
    <defName>EquipSecondary</defName>
    <driverClass>SimpleSidearms.rimworld.JobDriver_EquipSidearm</driverClass>
    <reportString>equipping TargetA as sidearm.</reportString>
  </JobDef>

<JobDef>
    <defName>EquipSecondaryCombat</defName>
    <driverClass>SimpleSidearms.rimworld.JobDriver_EquipSidearmCombat</driverClass>
    <reportString>equipping TargetA as sidearm.</reportString>
    <alwaysShowWeapon>true</alwaysShowWeapon>
    <casualInterruptible>false</casualInterruptible>
  </JobDef>
  
</Defs>