﻿<?xml version="1.0" encoding="utf-8"?>
<ModMetaData>
	<name>Simple sidearms</name>
	<author>PeteTimesSix</author>
	<targetVersion>1.0.0</targetVersion>
	<url></url>
	<description>
With the invention of pockets comes the idea of bringing EVEN MORE WEAPONS. Because your snipers are getting really tired of getting shanked.

See forum thread for details.
https://ludeon.com/forums/index.php?topic=32497.0

HugsLib for 1.0 required. Get it here:
https://github.com/UnlimitedHugs/RimworldHugsLib/releases
	</description>
</ModMetaData>
